Employee_ID,First_Name,Last_Name,Gender,Age,Department,Position,Salary,Location,Date_Of_Joining,Email,Phone_Number
EMP001,Emma,Brown,Non-binary,32,Finance,Manager,47261,Chicago,2021-12-12,employee1@company.com,+1-493-2533
EMP002,John,Smith,Non-binary,37,Finance,Specialist,70274,San Antonio,2010-01-25,employee2@company.com,+1-763-6216
EMP003,Emma,Smith,Female,54,Finance,Consultant,103009,Houston,2022-09-14,employee3@company.com,+1-906-4495
EMP004,John,Hernandez,Male,31,Sales,Developer,104784,Houston,2016-03-07,employee4@company.com,+1-794-6017
EMP005,Jane,Brown,Male,39,Finance,Engineer,103982,Phoenix,2022-06-10,employee5@company.com,+1-866-1724
EMP006,Sophia,Smith,Male,32,IT,Manager,48514,Philadelphia,2022-02-03,employee6@company.com,+1-977-2029
EMP007,James,Smith,Female,58,Support,Analyst,117131,Chicago,2022-02-21,employee7@company.com,+1-594-8767
EMP008,Sophia,Davis,Non-binary,27,IT,Consultant,84515,Houston,2014-12-03,employee8@company.com,+1-259-8050
EMP009,Noah,Jones,Male,30,Sales,Analyst,48990,New York,2024-08-06,employee9@company.com,+1-531-4867
EMP010,James,Hernandez,Male,55,Support,Specialist,65910,Houston,2012-01-23,employee10@company.com,+1-393-7093
EMP011,Noah,Miller,Non-binary,22,Sales,Manager,96997,Los Angeles,2014-05-10,employee11@company.com,+1-871-3886
EMP012,Jane,Smith,Non-binary,38,Finance,Consultant,60153,Phoenix,2022-09-11,employee12@company.com,+1-584-6988
EMP013,Sophia,Miller,Female,33,Support,Developer,45135,San Antonio,2011-03-26,employee13@company.com,+1-708-6516
EMP014,Jane,Jones,Female,59,Support,Analyst,40133,Houston,2013-06-09,employee14@company.com,+1-135-1451
EMP015,Jane,Miller,Non-binary,39,Finance,Specialist,53563,New York,2011-03-24,employee15@company.com,+1-330-6867
EMP016,Noah,Jones,Non-binary,23,Marketing,Engineer,63583,Los Angeles,2015-09-07,employee16@company.com,+1-197-5232
EMP017,John,Martinez,Female,50,Marketing,Engineer,99911,San Antonio,2013-08-24,employee17@company.com,+1-255-9982
EMP018,Olivia,Miller,Non-binary,56,HR,Developer,89238,Chicago,2019-07-07,employee18@company.com,+1-368-2359
EMP019,Olivia,Williams,Non-binary,23,Sales,Developer,77105,Phoenix,2010-06-03,employee19@company.com,+1-553-3752
EMP020,Olivia,Davis,Female,35,Marketing,Specialist,71309,Los Angeles,2024-08-17,employee20@company.com,+1-692-1372
EMP021,Liam,Martinez,Male,41,HR,Manager,93065,San Antonio,2023-12-26,employee21@company.com,+1-997-4222
EMP022,John,Garcia,Female,53,Marketing,Coordinator,40002,Philadelphia,2016-02-05,employee22@company.com,+1-539-6872
EMP023,Emma,Miller,Male,26,IT,Consultant,118978,Houston,2017-05-17,employee23@company.com,+1-423-3892
EMP024,Noah,Jones,Non-binary,58,Finance,Coordinator,99849,Los Angeles,2022-10-23,employee24@company.com,+1-710-6721
EMP025,Jane,Johnson,Non-binary,34,Sales,Coordinator,48497,New York,2014-03-21,employee25@company.com,+1-546-5809
EMP026,John,Johnson,Non-binary,57,Sales,Consultant,86547,New York,2021-12-12,employee26@company.com,+1-679-4666
EMP027,James,Johnson,Female,51,IT,Specialist,77867,Phoenix,2016-05-04,employee27@company.com,+1-609-4758
EMP028,Emma,Brown,Female,23,Marketing,Developer,81530,San Antonio,2010-07-08,employee28@company.com,+1-422-7056
EMP029,Emma,Johnson,Non-binary,40,Marketing,Coordinator,65497,New York,2020-05-20,employee29@company.com,+1-477-2892
EMP030,Noah,Johnson,Female,59,Operations,Coordinator,92101,New York,2014-06-18,employee30@company.com,+1-309-8341
EMP031,Chris,Hernandez,Female,49,Marketing,Consultant,65443,Philadelphia,2010-08-02,employee31@company.com,+1-244-3815
EMP032,Noah,Martinez,Female,40,Operations,Specialist,98162,Houston,2019-02-05,employee32@company.com,+1-522-4041
EMP033,Jane,Davis,Male,24,Finance,Analyst,99568,Los Angeles,2021-01-14,employee33@company.com,+1-626-2175
EMP034,Olivia,Johnson,Male,37,Marketing,Engineer,69140,Phoenix,2022-04-05,employee34@company.com,+1-157-8394
EMP035,John,Martinez,Female,34,Operations,Developer,45714,Chicago,2015-07-18,employee35@company.com,+1-217-4564
EMP036,Emma,Williams,Male,48,IT,Engineer,61246,Philadelphia,2021-06-06,employee36@company.com,+1-906-5984
EMP037,Noah,Williams,Male,42,Marketing,Coordinator,90302,Chicago,2021-03-12,employee37@company.com,+1-101-8133
EMP038,Olivia,Smith,Male,52,Sales,Manager,81962,New York,2017-04-17,employee38@company.com,+1-830-6596
EMP039,Sophia,Smith,Male,50,Finance,Manager,54983,Los Angeles,2012-03-09,employee39@company.com,+1-405-5412
EMP040,Emma,Johnson,Female,50,IT,Developer,58884,Philadelphia,2012-04-21,employee40@company.com,+1-695-6968
EMP041,James,Smith,Male,58,Marketing,Coordinator,61818,Chicago,2013-11-20,employee41@company.com,+1-796-2589
EMP042,Chris,Hernandez,Non-binary,42,Finance,Manager,84677,New York,2011-04-14,employee42@company.com,+1-228-5191
EMP043,Emma,Brown,Male,44,Marketing,Engineer,92444,New York,2013-07-23,employee43@company.com,+1-500-7180
EMP044,Sophia,Hernandez,Male,42,Marketing,Analyst,83543,New York,2021-07-21,employee44@company.com,+1-350-9979
EMP045,Liam,Smith,Male,42,Finance,Analyst,75744,San Antonio,2019-04-24,employee45@company.com,+1-482-7359
EMP046,Chris,Brown,Non-binary,34,Finance,Engineer,95554,New York,2023-12-25,employee46@company.com,+1-409-6685
EMP047,John,Hernandez,Female,22,Support,Coordinator,66788,Philadelphia,2017-04-16,employee47@company.com,+1-830-6516
EMP048,Noah,Garcia,Male,59,Finance,Consultant,96752,Philadelphia,2024-05-05,employee48@company.com,+1-768-6810
EMP049,Chris,Johnson,Non-binary,32,Finance,Analyst,54980,San Antonio,2012-03-03,employee49@company.com,+1-527-5874
EMP050,Noah,Garcia,Female,54,Operations,Engineer,83070,Chicago,2020-07-28,employee50@company.com,+1-409-6245
EMP051,Chris,Hernandez,Non-binary,24,Sales,Developer,119212,Chicago,2019-02-17,employee51@company.com,+1-887-2779
EMP052,Liam,Brown,Male,44,Operations,Coordinator,107623,Philadelphia,2018-02-28,employee52@company.com,+1-575-2331
EMP053,Olivia,Jones,Non-binary,25,IT,Coordinator,112037,Houston,2018-03-20,employee53@company.com,+1-265-9147
EMP054,Noah,Miller,Non-binary,38,Marketing,Engineer,115770,Philadelphia,2012-09-08,employee54@company.com,+1-144-2223
EMP055,Olivia,Smith,Non-binary,57,Operations,Consultant,93465,New York,2021-01-17,employee55@company.com,+1-111-4398
EMP056,Chris,Brown,Male,40,Marketing,Engineer,67885,Philadelphia,2011-10-15,employee56@company.com,+1-779-3992
EMP057,Sophia,Davis,Male,40,Sales,Engineer,63258,Philadelphia,2020-01-20,employee57@company.com,+1-203-3515
EMP058,Jane,Williams,Male,24,IT,Analyst,111067,Chicago,2017-10-10,employee58@company.com,+1-393-4364
EMP059,Emma,Smith,Male,39,Operations,Analyst,98138,Chicago,2020-06-01,employee59@company.com,+1-441-5183
EMP060,Noah,Garcia,Non-binary,23,Operations,Specialist,82736,Philadelphia,2016-01-19,employee60@company.com,+1-841-6260
EMP061,James,Garcia,Non-binary,27,Operations,Developer,68858,San Antonio,2021-08-12,employee61@company.com,+1-872-9242
EMP062,Alex,Miller,Female,60,Finance,Specialist,90965,Los Angeles,2019-03-18,employee62@company.com,+1-979-8801
EMP063,James,Smith,Female,31,Support,Manager,64773,Los Angeles,2010-07-07,employee63@company.com,+1-605-9887
EMP064,Emma,Brown,Non-binary,47,Marketing,Coordinator,73394,New York,2024-12-09,employee64@company.com,+1-678-8649
EMP065,Noah,Martinez,Female,52,HR,Analyst,112649,Houston,2023-06-17,employee65@company.com,+1-414-7157
EMP066,James,Davis,Female,58,HR,Coordinator,61313,Phoenix,2022-05-17,employee66@company.com,+1-124-5516
EMP067,Noah,Hernandez,Non-binary,45,IT,Consultant,85965,Houston,2024-12-06,employee67@company.com,+1-165-2404
EMP068,Chris,Davis,Non-binary,60,Sales,Analyst,50389,New York,2020-03-20,employee68@company.com,+1-652-1931
EMP069,Alex,Jones,Non-binary,50,Marketing,Analyst,78970,San Antonio,2012-03-26,employee69@company.com,+1-395-9718
EMP070,Noah,Martinez,Non-binary,23,Sales,Engineer,84305,New York,2013-09-17,employee70@company.com,+1-236-6326
EMP071,James,Martinez,Non-binary,29,HR,Engineer,74050,San Antonio,2010-10-25,employee71@company.com,+1-632-2115
EMP072,Liam,Miller,Non-binary,45,Marketing,Specialist,78196,Chicago,2019-04-22,employee72@company.com,+1-365-6873
EMP073,Chris,Brown,Non-binary,22,Sales,Manager,74137,San Antonio,2010-02-19,employee73@company.com,+1-652-2105
EMP074,James,Jones,Female,53,Sales,Developer,70648,New York,2024-12-05,employee74@company.com,+1-485-5292
EMP075,Liam,Brown,Male,28,Operations,Engineer,65209,Los Angeles,2011-03-16,employee75@company.com,+1-314-9353
EMP076,Liam,Davis,Non-binary,29,Operations,Consultant,73319,New York,2012-11-24,employee76@company.com,+1-450-6319
EMP077,Jane,Garcia,Male,47,IT,Manager,80934,San Antonio,2021-08-12,employee77@company.com,+1-962-6807
EMP078,Olivia,Miller,Male,58,IT,Engineer,64963,New York,2020-05-05,employee78@company.com,+1-319-5518
EMP079,Liam,Jones,Male,46,Support,Specialist,43793,New York,2023-05-15,employee79@company.com,+1-932-4027
EMP080,Noah,Hernandez,Non-binary,35,Support,Coordinator,43344,San Antonio,2023-10-05,employee80@company.com,+1-776-2634
EMP081,James,Martinez,Female,55,Operations,Manager,67784,Phoenix,2020-09-08,employee81@company.com,+1-773-6860
EMP082,Liam,Martinez,Female,46,Sales,Consultant,55779,Chicago,2020-04-03,employee82@company.com,+1-105-9318
EMP083,Noah,Johnson,Female,40,Support,Consultant,105276,Chicago,2017-08-23,employee83@company.com,+1-444-5098
EMP084,John,Hernandez,Non-binary,35,Marketing,Coordinator,79283,New York,2013-12-11,employee84@company.com,+1-636-3257
EMP085,Liam,Brown,Non-binary,41,Support,Manager,74853,Philadelphia,2014-04-15,employee85@company.com,+1-520-2115
EMP086,Sophia,Jones,Non-binary,48,Marketing,Engineer,99681,New York,2012-12-19,employee86@company.com,+1-583-4378
EMP087,Alex,Garcia,Male,46,Operations,Consultant,72720,Phoenix,2023-05-19,employee87@company.com,+1-526-2084
EMP088,John,Johnson,Non-binary,40,Sales,Developer,105597,Houston,2024-06-23,employee88@company.com,+1-681-5770
EMP089,Noah,Smith,Female,35,Finance,Developer,79071,Philadelphia,2017-08-28,employee89@company.com,+1-194-9784
EMP090,Chris,Davis,Female,58,Marketing,Manager,40501,New York,2017-02-15,employee90@company.com,+1-349-1435
EMP091,Chris,Miller,Male,49,Sales,Consultant,111588,Houston,2019-01-10,employee91@company.com,+1-642-4607
EMP092,Emma,Hernandez,Non-binary,56,IT,Manager,46347,Houston,2024-08-28,employee92@company.com,+1-105-3518
EMP093,Alex,Johnson,Male,31,IT,Engineer,74961,Los Angeles,2016-04-13,employee93@company.com,+1-960-7163
EMP094,Olivia,Martinez,Non-binary,28,Support,Consultant,73441,Chicago,2022-04-11,employee94@company.com,+1-222-6909
EMP095,John,Brown,Non-binary,34,Marketing,Developer,76523,New York,2012-08-07,employee95@company.com,+1-487-8990
EMP096,Alex,Brown,Male,45,Operations,Engineer,82745,Houston,2012-06-04,employee96@company.com,+1-942-1350
EMP097,John,Smith,Non-binary,34,Support,Analyst,52459,Chicago,2019-03-14,employee97@company.com,+1-316-3052
EMP098,Liam,Williams,Female,51,Marketing,Developer,42713,Chicago,2019-01-02,employee98@company.com,+1-228-3333
EMP099,James,Johnson,Non-binary,47,Operations,Specialist,111689,Los Angeles,2012-06-17,employee99@company.com,+1-754-4652
EMP100,Liam,Brown,Male,40,Marketing,Developer,83655,Houston,2017-10-16,employee100@company.com,+1-613-7663
EMP101,Alex,Johnson,Male,39,Operations,Developer,47178,Phoenix,2019-06-18,employee101@company.com,+1-807-5824
EMP102,Olivia,Davis,Male,30,Operations,Specialist,114995,Los Angeles,2019-05-26,employee102@company.com,+1-630-7769
EMP103,Liam,Hernandez,Non-binary,44,Marketing,Manager,93119,Philadelphia,2010-08-01,employee103@company.com,+1-613-8002
EMP104,Liam,Brown,Non-binary,24,Marketing,Consultant,119460,Phoenix,2022-03-12,employee104@company.com,+1-412-3614
EMP105,Alex,Garcia,Male,55,Sales,Consultant,119539,Phoenix,2024-08-28,employee105@company.com,+1-238-2931
EMP106,James,Williams,Female,52,Support,Coordinator,45232,Philadelphia,2010-03-09,employee106@company.com,+1-244-2475
EMP107,Olivia,Hernandez,Male,45,Support,Specialist,50221,Los Angeles,2019-09-26,employee107@company.com,+1-126-6982
EMP108,Noah,Garcia,Male,30,Sales,Manager,87796,Philadelphia,2018-09-12,employee108@company.com,+1-810-1705
EMP109,Noah,Martinez,Female,45,Marketing,Analyst,78995,San Antonio,2012-04-22,employee109@company.com,+1-704-3852
EMP110,Noah,Martinez,Non-binary,27,Operations,Manager,111459,Philadelphia,2023-03-23,employee110@company.com,+1-930-1565
EMP111,Alex,Brown,Non-binary,41,Marketing,Consultant,40931,Philadelphia,2020-03-19,employee111@company.com,+1-525-3177
EMP112,James,Garcia,Non-binary,29,Operations,Developer,92709,Los Angeles,2019-03-05,employee112@company.com,+1-775-8835
EMP113,Emma,Smith,Non-binary,34,IT,Developer,91889,New York,2024-03-01,employee113@company.com,+1-585-6386
EMP114,John,Garcia,Female,52,Support,Analyst,92058,New York,2012-06-26,employee114@company.com,+1-225-9890
EMP115,Alex,Brown,Non-binary,52,HR,Manager,101470,New York,2024-09-03,employee115@company.com,+1-656-8073
EMP116,Olivia,Garcia,Female,27,Marketing,Consultant,53695,Houston,2020-06-05,employee116@company.com,+1-294-8252
EMP117,Olivia,Martinez,Female,35,HR,Manager,104538,San Antonio,2020-04-10,employee117@company.com,+1-990-9745
EMP118,Sophia,Jones,Non-binary,33,Operations,Coordinator,59288,Chicago,2011-07-27,employee118@company.com,+1-460-2512
EMP119,Jane,Davis,Male,33,IT,Specialist,103196,Houston,2013-06-07,employee119@company.com,+1-349-7458
EMP120,Noah,Smith,Male,34,Sales,Consultant,62759,Los Angeles,2017-07-02,employee120@company.com,+1-442-2724
EMP121,Jane,Jones,Male,37,Operations,Consultant,83003,Chicago,2023-08-25,employee121@company.com,+1-217-4102
EMP122,Emma,Johnson,Female,46,Sales,Consultant,115400,New York,2023-05-05,employee122@company.com,+1-470-5694
EMP123,Noah,Johnson,Non-binary,25,Support,Consultant,115559,Philadelphia,2010-06-11,employee123@company.com,+1-867-2200
EMP124,Liam,Hernandez,Female,34,IT,Coordinator,57711,Los Angeles,2016-07-13,employee124@company.com,+1-248-5274
EMP125,Noah,Davis,Female,46,Sales,Developer,95179,Houston,2014-11-27,employee125@company.com,+1-465-7755
EMP126,Chris,Williams,Female,34,HR,Engineer,57875,Los Angeles,2021-04-16,employee126@company.com,+1-130-9481
EMP127,Emma,Davis,Non-binary,33,HR,Consultant,95432,Houston,2024-01-11,employee127@company.com,+1-359-2389
EMP128,Jane,Jones,Non-binary,35,HR,Analyst,93549,New York,2022-07-21,employee128@company.com,+1-686-7206
EMP129,Liam,Jones,Male,33,Marketing,Engineer,59114,Phoenix,2022-04-04,employee129@company.com,+1-755-4710
EMP130,Emma,Garcia,Non-binary,36,Marketing,Consultant,93462,San Antonio,2018-01-20,employee130@company.com,+1-652-8459
EMP131,John,Davis,Female,50,Support,Specialist,106161,Philadelphia,2023-08-02,employee131@company.com,+1-213-8257
EMP132,Jane,Williams,Male,35,Sales,Analyst,119421,Philadelphia,2018-03-20,employee132@company.com,+1-715-1109
EMP133,Olivia,Martinez,Male,54,Sales,Coordinator,42691,Houston,2012-03-17,employee133@company.com,+1-616-8276
EMP134,Noah,Williams,Non-binary,35,HR,Developer,45450,Houston,2011-06-14,employee134@company.com,+1-351-2146
EMP135,Chris,Brown,Non-binary,43,Operations,Manager,104107,Philadelphia,2022-03-11,employee135@company.com,+1-789-1104
EMP136,Chris,Johnson,Non-binary,29,Support,Coordinator,41244,Phoenix,2022-08-04,employee136@company.com,+1-200-2473
EMP137,Emma,Miller,Female,38,IT,Developer,94079,Philadelphia,2024-08-10,employee137@company.com,+1-552-3745
EMP138,Alex,Williams,Non-binary,23,Sales,Developer,74113,Houston,2024-12-14,employee138@company.com,+1-649-9074
EMP139,Jane,Hernandez,Male,32,IT,Coordinator,60903,Los Angeles,2018-05-22,employee139@company.com,+1-266-8819
EMP140,Emma,Miller,Female,31,Finance,Coordinator,63766,Chicago,2010-06-01,employee140@company.com,+1-392-1843
EMP141,Emma,Jones,Female,26,Sales,Consultant,77524,San Antonio,2012-02-18,employee141@company.com,+1-847-5764
EMP142,Emma,Smith,Male,44,IT,Consultant,87014,Los Angeles,2023-03-10,employee142@company.com,+1-910-8655
EMP143,James,Brown,Female,31,Support,Coordinator,103804,Los Angeles,2023-11-08,employee143@company.com,+1-870-3529
EMP144,Sophia,Hernandez,Male,24,Support,Coordinator,67015,Houston,2011-05-16,employee144@company.com,+1-167-7459
EMP145,Olivia,Williams,Male,23,Marketing,Coordinator,57615,Los Angeles,2014-08-24,employee145@company.com,+1-568-4381
EMP146,Olivia,Martinez,Female,38,Finance,Developer,65617,Houston,2016-09-18,employee146@company.com,+1-637-7187
EMP147,Emma,Williams,Non-binary,59,Operations,Manager,95353,Houston,2011-03-07,employee147@company.com,+1-910-2322
EMP148,Sophia,Hernandez,Female,43,HR,Consultant,96162,Los Angeles,2024-06-12,employee148@company.com,+1-813-8543
EMP149,Liam,Davis,Male,29,Finance,Specialist,97042,Chicago,2021-01-15,employee149@company.com,+1-986-3734
EMP150,James,Williams,Female,38,Sales,Analyst,88025,Philadelphia,2011-05-04,employee150@company.com,+1-758-6431
EMP151,Noah,Jones,Male,35,HR,Manager,42137,Phoenix,2017-05-10,employee151@company.com,+1-883-5827
EMP152,John,Garcia,Non-binary,49,Operations,Developer,41194,San Antonio,2014-11-01,employee152@company.com,+1-293-6615
EMP153,Emma,Garcia,Non-binary,54,Marketing,Consultant,104492,San Antonio,2024-08-13,employee153@company.com,+1-113-9660
EMP154,Sophia,Johnson,Male,44,Operations,Consultant,112383,Philadelphia,2015-06-13,employee154@company.com,+1-114-3576
EMP155,Noah,Martinez,Female,41,Marketing,Coordinator,92848,Chicago,2010-03-14,employee155@company.com,+1-706-7393
EMP156,Chris,Martinez,Male,35,Marketing,Coordinator,56748,Philadelphia,2021-01-08,employee156@company.com,+1-373-5645
EMP157,Alex,Smith,Male,56,IT,Consultant,48232,Chicago,2020-11-27,employee157@company.com,+1-752-1417
EMP158,Emma,Brown,Non-binary,30,IT,Manager,113151,New York,2021-11-06,employee158@company.com,+1-904-1476
EMP159,Olivia,Martinez,Female,22,Support,Developer,86728,Los Angeles,2019-06-06,employee159@company.com,+1-677-7426
EMP160,Chris,Smith,Non-binary,49,Operations,Analyst,86688,Philadelphia,2021-06-02,employee160@company.com,+1-576-1295
EMP161,Alex,Martinez,Male,57,Sales,Developer,117928,Philadelphia,2014-10-17,employee161@company.com,+1-250-1641
EMP162,Jane,Miller,Non-binary,45,Operations,Analyst,46182,San Antonio,2020-09-14,employee162@company.com,+1-797-3530
EMP163,Olivia,Garcia,Non-binary,28,Marketing,Manager,88772,Los Angeles,2016-06-04,employee163@company.com,+1-121-5426
EMP164,Sophia,Jones,Non-binary,43,Support,Specialist,43949,Chicago,2024-08-05,employee164@company.com,+1-652-9600
EMP165,Noah,Jones,Male,40,IT,Specialist,111144,Houston,2019-04-25,employee165@company.com,+1-940-1928
EMP166,Emma,Garcia,Female,58,Support,Engineer,66505,San Antonio,2023-02-22,employee166@company.com,+1-573-2107
EMP167,Liam,Davis,Non-binary,25,Finance,Developer,60724,Houston,2012-12-19,employee167@company.com,+1-823-1798
EMP168,Sophia,Davis,Female,56,Marketing,Analyst,88733,Philadelphia,2016-07-10,employee168@company.com,+1-348-2237
EMP169,John,Jones,Female,55,Support,Coordinator,70405,New York,2024-01-15,employee169@company.com,+1-582-8464
EMP170,Chris,Brown,Non-binary,41,Marketing,Developer,45627,Philadelphia,2021-11-19,employee170@company.com,+1-744-9424
EMP171,Liam,Jones,Male,22,Sales,Engineer,48103,Houston,2011-10-15,employee171@company.com,+1-376-6577
EMP172,John,Brown,Non-binary,49,IT,Engineer,73071,San Antonio,2017-11-02,employee172@company.com,+1-997-9142
EMP173,Noah,Martinez,Male,23,Sales,Developer,40628,Phoenix,2024-04-23,employee173@company.com,+1-524-2378
EMP174,Sophia,Jones,Female,44,IT,Analyst,107515,Phoenix,2012-12-10,employee174@company.com,+1-313-6917
EMP175,Chris,Williams,Male,44,Marketing,Developer,73166,Phoenix,2013-03-22,employee175@company.com,+1-215-7815
EMP176,Alex,Johnson,Female,51,Marketing,Specialist,64566,San Antonio,2016-01-03,employee176@company.com,+1-211-6506
EMP177,Noah,Smith,Female,33,Support,Specialist,71678,Houston,2013-11-17,employee177@company.com,+1-856-9805
EMP178,Emma,Williams,Male,44,HR,Analyst,108986,Phoenix,2011-04-17,employee178@company.com,+1-934-2843
EMP179,James,Johnson,Non-binary,25,HR,Specialist,69042,Philadelphia,2018-02-14,employee179@company.com,+1-147-2620
EMP180,Emma,Johnson,Non-binary,29,HR,Analyst,77752,New York,2021-01-10,employee180@company.com,+1-299-9905
EMP181,James,Hernandez,Female,38,Finance,Coordinator,62635,Los Angeles,2016-09-17,employee181@company.com,+1-600-5802
EMP182,James,Garcia,Male,42,Operations,Specialist,44959,New York,2018-08-05,employee182@company.com,+1-306-9097
EMP183,Jane,Miller,Non-binary,40,Marketing,Specialist,77016,New York,2015-07-27,employee183@company.com,+1-848-2261
EMP184,James,Hernandez,Male,30,Finance,Manager,87823,San Antonio,2017-03-26,employee184@company.com,+1-597-2755
EMP185,James,Martinez,Male,47,HR,Manager,41878,San Antonio,2020-02-07,employee185@company.com,+1-437-4348
EMP186,John,Smith,Non-binary,51,HR,Engineer,94025,Houston,2018-08-27,employee186@company.com,+1-988-4463
EMP187,Noah,Miller,Male,27,HR,Manager,108345,San Antonio,2020-07-04,employee187@company.com,+1-431-7189
EMP188,Sophia,Brown,Male,31,IT,Engineer,110143,Chicago,2022-08-22,employee188@company.com,+1-192-2307
EMP189,James,Garcia,Female,34,Operations,Consultant,107591,Chicago,2024-11-13,employee189@company.com,+1-477-9950
EMP190,Sophia,Garcia,Male,43,HR,Consultant,98214,New York,2020-08-24,employee190@company.com,+1-756-9447
EMP191,James,Davis,Female,27,Sales,Developer,54184,New York,2018-01-15,employee191@company.com,+1-282-2594
EMP192,Olivia,Brown,Male,47,Sales,Specialist,100349,Chicago,2021-07-25,employee192@company.com,+1-164-8908
EMP193,John,Martinez,Non-binary,58,Sales,Analyst,114140,Houston,2014-12-18,employee193@company.com,+1-390-3637
EMP194,Noah,Martinez,Non-binary,55,IT,Consultant,59911,Chicago,2012-01-27,employee194@company.com,+1-901-6648
EMP195,John,Jones,Female,34,Support,Analyst,67555,Phoenix,2020-04-11,employee195@company.com,+1-891-8593
EMP196,James,Smith,Non-binary,36,HR,Coordinator,107084,Phoenix,2014-11-26,employee196@company.com,+1-888-4063
EMP197,Sophia,Brown,Male,25,Finance,Consultant,102488,Houston,2018-01-16,employee197@company.com,+1-870-2435
EMP198,Chris,Davis,Female,52,Operations,Manager,115922,New York,2024-02-03,employee198@company.com,+1-588-2364
EMP199,Alex,Johnson,Female,27,Support,Developer,104891,Los Angeles,2020-11-19,employee199@company.com,+1-866-7887
EMP200,James,Johnson,Male,37,Operations,Specialist,91921,Philadelphia,2013-06-17,employee200@company.com,+1-280-2876
